ID;UNIDADE ESPORTIVA;TIPO;TIPO ADMINISTRACAO;SITUACAO;PREFEITURA REGIONAL;DISTRITO;EQUIPAMENTOS;QUANTIDADE DE EQUIPAMENTOS DA UNIDADE
1;BALNEARIO CARLOS JOEL NELLI;BALNEARIO;DIRETA;ATIVA;IPIRANGA;IPIRANGA;SALA MULTIUSO;2
2;BALNEARIO CARLOS JOEL NELLI;BALNEARIO;DIRETA;ATIVA;IPIRANGA;IPIRANGA;QUADRA POLIESPORTIVA;1
3;BALNEARIO CARLOS JOEL NELLI;BALNEARIO;DIRETA;ATIVA;IPIRANGA;IPIRANGA;SALA MULTIUSO 4;1
4;BALNEARIO CARLOS JOEL NELLI;BALNEARIO;DIRETA;ATIVA;IPIRANGA;IPIRANGA;SALA DE BRINQUEDOTECA;1
5;BALNEARIO CARLOS JOEL NELLI;BALNEARIO;DIRETA;ATIVA;IPIRANGA;IPIRANGA;PISCINA;1
6;BALNEARIO CARLOS JOEL NELLI;BALNEARIO;DIRETA;ATIVA;IPIRANGA;IPIRANGA;ESTACAO DE EXERCICIOS;1
7;BALNEARIO CARLOS JOEL NELLI;BALNEARIO;DIRETA;ATIVA;IPIRANGA;IPIRANGA;SALA MULTIUSO 2;1
8;BALNEARIO CARLOS JOEL NELLI;BALNEARIO;DIRETA;ATIVA;IPIRANGA;IPIRANGA;CANCHA DE BOCHA;1
9;BALNEARIO CARLOS JOEL NELLI;BALNEARIO;DIRETA;ATIVA;IPIRANGA;IPIRANGA;SALA MULTIUSO 3;1
10;BALNEARIO GERALDO ALONSO;BALNEARIO;DIRETA;ATIVA;SANTANA/TUCURUVI;SANTANA;AREA LIVRE;1
11;BALNEARIO GERALDO ALONSO;BALNEARIO;DIRETA;ATIVA;SANTANA/TUCURUVI;SANTANA;SALA MULTIUSO 3;1
12;BALNEARIO GERALDO ALONSO;BALNEARIO;DIRETA;ATIVA;SANTANA/TUCURUVI;SANTANA;ESTACAO DE EXERCICIOS;1
13;BALNEARIO GERALDO ALONSO;BALNEARIO;DIRETA;ATIVA;SANTANA/TUCURUVI;SANTANA;SALA MULTIUSO;3
14;BALNEARIO GERALDO ALONSO;BALNEARIO;DIRETA;ATIVA;SANTANA/TUCURUVI;SANTANA;QUADRA POLIESPORTIVA;1
15;BALNEARIO GERALDO ALONSO;BALNEARIO;DIRETA;ATIVA;SANTANA/TUCURUVI;SANTANA;SALA MULTIUSO 2;1
16;BALNEARIO GERALDO ALONSO;BALNEARIO;DIRETA;ATIVA;SANTANA/TUCURUVI;SANTANA;PLAY GROUND;1
17;BALNEARIO GERALDO ALONSO;BALNEARIO;DIRETA;ATIVA;SANTANA/TUCURUVI;SANTANA;PISCINA;1
18;BALNEARIO JALISCO;BALNEARIO;DIRETA;ATIVA;JABAQUARA;JABAQUARA;QUADRA DE TENIS;1
19;BALNEARIO JALISCO;BALNEARIO;DIRETA;ATIVA;JABAQUARA;JABAQUARA;SALA MULTIUSO;2
20;BALNEARIO JALISCO;BALNEARIO;DIRETA;ATIVA;JABAQUARA;JABAQUARA;QUADRA POLIESPORTIVA;1
21;BALNEARIO JALISCO;BALNEARIO;DIRETA;ATIVA;JABAQUARA;JABAQUARA;SALA MULTIUSO 3;2
22;BALNEARIO JALISCO;BALNEARIO;DIRETA;ATIVA;JABAQUARA;JABAQUARA;SALA MULTIUSO 4;1
23;BALNEARIO JALISCO;BALNEARIO;DIRETA;ATIVA;JABAQUARA;JABAQUARA;SALA MULTIUSO 5;1
24;BALNEARIO JALISCO;BALNEARIO;DIRETA;ATIVA;JABAQUARA;JABAQUARA;SALA MULTIUSO 2;1
25;BALNEARIO JALISCO;BALNEARIO;DIRETA;ATIVA;JABAQUARA;JABAQUARA;PISCINA;1
26; BALNEARIO MARIO MORAES;BALNEARIO;DIRETA;ATIVA;VILA SONIA;BUTANTA;PISCINA;1
27; BALNEARIO MARIO MORAES;BALNEARIO;DIRETA;ATIVA;VILA SONIA;BUTANTA;SALA MULTIUSO 4;1
28; BALNEARIO MARIO MORAES;BALNEARIO;DIRETA;ATIVA;VILA SONIA;BUTANTA;SALA MULTIUSO 2;1
29; BALNEARIO MARIO MORAES;BALNEARIO;DIRETA;ATIVA;VILA SONIA;BUTANTA;SALA MULTIUSO 3;1
30; BALNEARIO MARIO MORAES;BALNEARIO;DIRETA;ATIVA;VILA SONIA;BUTANTA;AREA LIVRE;1
31;BALNEARIO PRINCESA ISABEL;BALNEARIO;DIRETA;ATIVA;IPIRANGA;IPIRANGA;SALA MULTIUSO;1
32;CEE ALFREDO IGNACIO TRINDADE;CENTRO EDUCACIONAL E ESPORTIVO;DIRETA;ATIVA;SANTANA/TUCURUVI;SANTANA;QUADRA POLIESPORTIVA;3
33;CEE ALFREDO IGNACIO TRINDADE;CENTRO EDUCACIONAL E ESPORTIVO;DIRETA;ATIVA;SANTANA/TUCURUVI;SANTANA;PISCINA;3
34;CEE ALFREDO IGNACIO TRINDADE;CENTRO EDUCACIONAL E ESPORTIVO;DIRETA;ATIVA;SANTANA/TUCURUVI;SANTANA;SALA MULTIUSO;7
35;CEE ALFREDO IGNACIO TRINDADE;CENTRO EDUCACIONAL E ESPORTIVO;DIRETA;ATIVA;SANTANA/TUCURUVI;SANTANA;CAMPO DE FUTEBOL;1
36;CEE ALFREDO IGNACIO TRINDADE;CENTRO EDUCACIONAL E ESPORTIVO;DIRETA;ATIVA;SANTANA/TUCURUVI;SANTANA;CANCHA DE BOCHA;1
37;CEE ALFREDO IGNACIO TRINDADE;CENTRO EDUCACIONAL E ESPORTIVO;DIRETA;ATIVA;SANTANA/TUCURUVI;SANTANA;QUADRA DE TENIS;1
38;CEE AURELIO DE CAMPOS;CENTRO EDUCACIONAL E ESPORTIVO;DIRETA;ATIVA;FREGUESIA/BRASILANDIA;FREGUESIA DO O;CANCHA DE BOCHA;1
39;CEE AURELIO DE CAMPOS;CENTRO EDUCACIONAL E ESPORTIVO;DIRETA;ATIVA;FREGUESIA/BRASILANDIA;FREGUESIA DO O;SALA MULTIUSO;3
40;CEE AURELIO DE CAMPOS;CENTRO EDUCACIONAL E ESPORTIVO;DIRETA;ATIVA;FREGUESIA/BRASILANDIA;FREGUESIA DO O;SALA MULTIUSO 2;1
41;CEE AURELIO DE CAMPOS;CENTRO EDUCACIONAL E ESPORTIVO;DIRETA;ATIVA;FREGUESIA/BRASILANDIA;FREGUESIA DO O;MINICAMPO DE FUTEBOL;1
42;CEE AURELIO DE CAMPOS;CENTRO EDUCACIONAL E ESPORTIVO;DIRETA;ATIVA;FREGUESIA/BRASILANDIA;FREGUESIA DO O;QUADRA POLIESPORTIVA;4
43;CEE AURELIO DE CAMPOS;CENTRO EDUCACIONAL E ESPORTIVO;DIRETA;ATIVA;FREGUESIA/BRASILANDIA;FREGUESIA DO O;GINASIO POLIESPORTIVO;1
44;CEE AURELIO DE CAMPOS;CENTRO EDUCACIONAL E ESPORTIVO;DIRETA;ATIVA;FREGUESIA/BRASILANDIA;FREGUESIA DO O;AREA LIVRE;1
45;CEE AURELIO DE CAMPOS;CENTRO EDUCACIONAL E ESPORTIVO;DIRETA;ATIVA;FREGUESIA/BRASILANDIA;FREGUESIA DO O;QUADRA DE TENIS;1
46;CEE AURELIO DE CAMPOS;CENTRO EDUCACIONAL E ESPORTIVO;DIRETA;ATIVA;FREGUESIA/BRASILANDIA;FREGUESIA DO O;PLAY GROUND;1
47;CEE AURELIO DE CAMPOS;CENTRO EDUCACIONAL E ESPORTIVO;DIRETA;ATIVA;FREGUESIA/BRASILANDIA;FREGUESIA DO O;CAMPO DE FUTEBOL;1
48; CEE EDSON ARANTES DO NASCIMENTO;CENTRO EDUCACIONAL E ESPORTIVO;DIRETA;ATIVA;LAPA;LAPA;AREA LIVRE;1
49; CEE EDSON ARANTES DO NASCIMENTO;CENTRO EDUCACIONAL E ESPORTIVO;DIRETA;ATIVA;LAPA;LAPA;SALA MULTIUSO;2
50; CEE EDSON ARANTES DO NASCIMENTO;CENTRO EDUCACIONAL E ESPORTIVO;DIRETA;ATIVA;LAPA;LAPA;GINASIO POLIESPORTIVO;1
51; CEE EDSON ARANTES DO NASCIMENTO;CENTRO EDUCACIONAL E ESPORTIVO;DIRETA;ATIVA;LAPA;LAPA;QUADRA DE VOLEIBOL;1
52; CEE EDSON ARANTES DO NASCIMENTO;CENTRO EDUCACIONAL E ESPORTIVO;DIRETA;ATIVA;LAPA;LAPA;QUADRA DE BASQUETE;1
53; CEE EDSON ARANTES DO NASCIMENTO;CENTRO EDUCACIONAL E ESPORTIVO;DIRETA;ATIVA;LAPA;LAPA;PLAY GROUND;1
54; CEE EDSON ARANTES DO NASCIMENTO;CENTRO EDUCACIONAL E ESPORTIVO;DIRETA;ATIVA;LAPA;LAPA;PISTA DE AEROMODELISMO;1
55; CEE EDSON ARANTES DO NASCIMENTO;CENTRO EDUCACIONAL E ESPORTIVO;DIRETA;ATIVA;LAPA;LAPA;ESTACAO DE EXERCICIOS;1
56; CEE EDSON ARANTES DO NASCIMENTO;CENTRO EDUCACIONAL E ESPORTIVO;DIRETA;ATIVA;LAPA;LAPA;SALA MULTIUSO 2;1
57; CEE EDSON ARANTES DO NASCIMENTO;CENTRO EDUCACIONAL E ESPORTIVO;DIRETA;ATIVA;LAPA;LAPA;QUADRA DE TENIS;4
58; CEE EDSON ARANTES DO NASCIMENTO;CENTRO EDUCACIONAL E ESPORTIVO;DIRETA;ATIVA;LAPA;LAPA;CAMPO DE FUTEBOL;1
59; CEE EDSON ARANTES DO NASCIMENTO;CENTRO EDUCACIONAL E ESPORTIVO;DIRETA;ATIVA;LAPA;LAPA;CAMPO DE SOCIETY;3
60; CEE EDSON ARANTES DO NASCIMENTO;CENTRO EDUCACIONAL E ESPORTIVO;DIRETA;ATIVA;LAPA;LAPA;PISCINA;2
61; CEE EDSON ARANTES DO NASCIMENTO;CENTRO EDUCACIONAL E ESPORTIVO;DIRETA;ATIVA;LAPA;LAPA;PISTA DE ATLETISMO;1
62; CEE EDSON ARANTES DO NASCIMENTO;CENTRO EDUCACIONAL E ESPORTIVO;DIRETA;ATIVA;LAPA;LAPA;MINIQUADRA DE ESPORTES;1
63; CEE EDSON ARANTES DO NASCIMENTO;CENTRO EDUCACIONAL E ESPORTIVO;DIRETA;ATIVA;LAPA;LAPA;JARDIM JAPONES;1
64; CEE EDSON ARANTES DO NASCIMENTO;CENTRO EDUCACIONAL E ESPORTIVO;DIRETA;ATIVA;LAPA;LAPA;QUADRA DE HANDEBOL;1
65;CEE FLAVIO CALABRESI CONTE;CENTRO EDUCACIONAL E ESPORTIVO;DIRETA;ATIVA;IPIRANGA;IPIRANGA;SALA MULTIUSO;2
66;CEE FLAVIO CALABRESI CONTE;CENTRO EDUCACIONAL E ESPORTIVO;DIRETA;ATIVA;IPIRANGA;IPIRANGA;QUADRA POLIESPORTIVA;1
67;CEE FLAVIO CALABRESI CONTE;CENTRO EDUCACIONAL E ESPORTIVO;DIRETA;ATIVA;IPIRANGA;IPIRANGA;ESTACAO DE EXERCICIOS;1
68;CEE FLAVIO CALABRESI CONTE;CENTRO EDUCACIONAL E ESPORTIVO;DIRETA;ATIVA;IPIRANGA;IPIRANGA;AREA LIVRE;1
69;CEE FLAVIO CALABRESI CONTE;CENTRO EDUCACIONAL E ESPORTIVO;DIRETA;ATIVA;IPIRANGA;IPIRANGA;CANCHA DE BOCHA;1
70;CEE FLAVIO CALABRESI CONTE;CENTRO EDUCACIONAL E ESPORTIVO;DIRETA;ATIVA;IPIRANGA;IPIRANGA;PLAY GROUND;1
71; CEE GERALDO JOSE DE ALMEIDA;CENTRO EDUCACIONAL E ESPORTIVO;DIRETA;ATIVA;PIRITUBA;PIRITUBA;ESTACAO DE EXERCICIOS;1
72; CEE GERALDO JOSE DE ALMEIDA;CENTRO EDUCACIONAL E ESPORTIVO;DIRETA;ATIVA;PIRITUBA;PIRITUBA;SALA MULTIUSO;4
73; CEE GERALDO JOSE DE ALMEIDA;CENTRO EDUCACIONAL E ESPORTIVO;DIRETA;ATIVA;PIRITUBA;PIRITUBA;SALA MULTIUSO 5;1
74; CEE GERALDO JOSE DE ALMEIDA;CENTRO EDUCACIONAL E ESPORTIVO;DIRETA;ATIVA;PIRITUBA;PIRITUBA;PISCINA;3
75; CEE GERALDO JOSE DE ALMEIDA;CENTRO EDUCACIONAL E ESPORTIVO;DIRETA;ATIVA;PIRITUBA;PIRITUBA;GINASIO POLIESPORTIVO;1
76; CEE GERALDO JOSE DE ALMEIDA;CENTRO EDUCACIONAL E ESPORTIVO;DIRETA;ATIVA;PIRITUBA;PIRITUBA;CAMPO DE FUTEBOL;1
77; CEE GERALDO JOSE DE ALMEIDA;CENTRO EDUCACIONAL E ESPORTIVO;DIRETA;ATIVA;PIRITUBA;PIRITUBA;QUADRA POLIESPORTIVA;2
78; CEE GERALDO JOSE DE ALMEIDA;CENTRO EDUCACIONAL E ESPORTIVO;DIRETA;ATIVA;PIRITUBA;PIRITUBA;SALA MULTIUSO 4;1
79; CEE GERALDO JOSE DE ALMEIDA;CENTRO EDUCACIONAL E ESPORTIVO;DIRETA;ATIVA;PIRITUBA;PIRITUBA;SALA MULTIUSO 3;1
80; CEE GERALDO JOSE DE ALMEIDA;CENTRO EDUCACIONAL E ESPORTIVO;DIRETA;ATIVA;PIRITUBA;PIRITUBA;QUADRA DE TENIS;1
81; CEE GERALDO JOSE DE ALMEIDA;CENTRO EDUCACIONAL E ESPORTIVO;DIRETA;ATIVA;PIRITUBA;PIRITUBA;SALA DE BRINQUEDOTECA;1
82; CEE GERALDO JOSE DE ALMEIDA;CENTRO EDUCACIONAL E ESPORTIVO;DIRETA;ATIVA;PIRITUBA;PIRITUBA;PISTA DE COOPER;1
83; CEE GERALDO JOSE DE ALMEIDA;CENTRO EDUCACIONAL E ESPORTIVO;DIRETA;ATIVA;PIRITUBA;PIRITUBA;SALA MULTIUSO 2;1
84; CEE GERALDO JOSE DE ALMEIDA;CENTRO EDUCACIONAL E ESPORTIVO;DIRETA;ATIVA;PIRITUBA;PIRITUBA;CANCHA DE BOCHA;1
85;CEE JOERG BRUDER;CENTRO EDUCACIONAL E ESPORTIVO;DIRETA;ATIVA;SANTO AMARO;SANTO AMARO;SALA MULTIUSO;2
86;CEE JOERG BRUDER;CENTRO EDUCACIONAL E ESPORTIVO;DIRETA;ATIVA;SANTO AMARO;SANTO AMARO;PISCINA;2
87;CEE JOERG BRUDER;CENTRO EDUCACIONAL E ESPORTIVO;DIRETA;ATIVA;SANTO AMARO;SANTO AMARO;CAMPO DE SOCIETY;1
88;CEE JOERG BRUDER;CENTRO EDUCACIONAL E ESPORTIVO;DIRETA;ATIVA;SANTO AMARO;SANTO AMARO;QUADRA DE TENIS;1
89;CEE JOERG BRUDER;CENTRO EDUCACIONAL E ESPORTIVO;DIRETA;ATIVA;SANTO AMARO;SANTO AMARO;CAMPO DE FUTEBOL;1
90;CEE JOERG BRUDER;CENTRO EDUCACIONAL E ESPORTIVO;DIRETA;ATIVA;SANTO AMARO;SANTO AMARO;CAMPO DE GATEBAL;1
91;CEE JOERG BRUDER;CENTRO EDUCACIONAL E ESPORTIVO;DIRETA;ATIVA;SANTO AMARO;SANTO AMARO;SALA MULTIUSO 2;4
92;CEE JOERG BRUDER;CENTRO EDUCACIONAL E ESPORTIVO;DIRETA;ATIVA;SANTO AMARO;SANTO AMARO;SALA MULTIUSO 6;1
93;CEE JOERG BRUDER;CENTRO EDUCACIONAL E ESPORTIVO;DIRETA;ATIVA;SANTO AMARO;SANTO AMARO;SALA MULTIUSO 3;1
94;CEE JOERG BRUDER;CENTRO EDUCACIONAL E ESPORTIVO;DIRETA;ATIVA;SANTO AMARO;SANTO AMARO;SALA MULTIUSO 4;1
95;CEE JOERG BRUDER;CENTRO EDUCACIONAL E ESPORTIVO;DIRETA;ATIVA;SANTO AMARO;SANTO AMARO;PISTA DE ATLETISMO;1
96;CEE JOERG BRUDER;CENTRO EDUCACIONAL E ESPORTIVO;DIRETA;ATIVA;SANTO AMARO;SANTO AMARO;JARDIM JAPONES;1
97;CEE JOERG BRUDER;CENTRO EDUCACIONAL E ESPORTIVO;DIRETA;ATIVA;SANTO AMARO;SANTO AMARO;QUADRA POLIESPORTIVA;2
98;CEE JOERG BRUDER;CENTRO EDUCACIONAL E ESPORTIVO;DIRETA;ATIVA;SANTO AMARO;SANTO AMARO;CECCO;1
99;CEE JOERG BRUDER;CENTRO EDUCACIONAL E ESPORTIVO;DIRETA;ATIVA;SANTO AMARO;SANTO AMARO;SALA DE BRINQUEDOTECA;2
100;CEE JOERG BRUDER;CENTRO EDUCACIONAL E ESPORTIVO;DIRETA;ATIVA;SANTO AMARO;SANTO AMARO;CANCHA DE BOCHA;1
101;CEE JOERG BRUDER;CENTRO EDUCACIONAL E ESPORTIVO;DIRETA;ATIVA;SANTO AMARO;SANTO AMARO;GINASIO POLIESPORTIVO;6
102;CEE JOERG BRUDER;CENTRO EDUCACIONAL E ESPORTIVO;DIRETA;ATIVA;SANTO AMARO;SANTO AMARO;SALA MULTIUSO 5;1
103;CEE JOSE ERMIRIO DE MORAES;CENTRO EDUCACIONAL E ESPORTIVO;DIRETA;ATIVA;ITAIM PAULISTA;VILA CURUCA;SALA MULTIUSO 5;1
104;CEE JOSE ERMIRIO DE MORAES;CENTRO EDUCACIONAL E ESPORTIVO;DIRETA;ATIVA;ITAIM PAULISTA;VILA CURUCA;SALA MULTIUSO 2;1
105;CEE JOSE ERMIRIO DE MORAES;CENTRO EDUCACIONAL E ESPORTIVO;DIRETA;ATIVA;ITAIM PAULISTA;VILA CURUCA;SALA MULTIUSO 3;1
106;CEE JOSE ERMIRIO DE MORAES;CENTRO EDUCACIONAL E ESPORTIVO;DIRETA;ATIVA;ITAIM PAULISTA;VILA CURUCA;SALA MULTIUSO;3
107;CEE JOSE ERMIRIO DE MORAES;CENTRO EDUCACIONAL E ESPORTIVO;DIRETA;ATIVA;ITAIM PAULISTA;VILA CURUCA;MINIQUADRA DE ESPORTES;1
108;CEE JOSE ERMIRIO DE MORAES;CENTRO EDUCACIONAL E ESPORTIVO;DIRETA;ATIVA;ITAIM PAULISTA;VILA CURUCA;PISCINA;1
109;CEE JOSE ERMIRIO DE MORAES;CENTRO EDUCACIONAL E ESPORTIVO;DIRETA;ATIVA;ITAIM PAULISTA;VILA CURUCA;QUADRA POLIESPORTIVA;2
110;CEE JOSE ERMIRIO DE MORAES;CENTRO EDUCACIONAL E ESPORTIVO;DIRETA;ATIVA;ITAIM PAULISTA;VILA CURUCA;QUADRA DE TENIS;1
111;CEE JOSE ERMIRIO DE MORAES;CENTRO EDUCACIONAL E ESPORTIVO;DIRETA;ATIVA;ITAIM PAULISTA;VILA CURUCA;SALA MULTIUSO 4;1
112;CEE JOSE ERMIRIO DE MORAES;CENTRO EDUCACIONAL E ESPORTIVO;DIRETA;ATIVA;ITAIM PAULISTA;VILA CURUCA;PLAY GROUND;1
113;CEE LUIZ MARTINEZ;CENTRO EDUCACIONAL E ESPORTIVO;DIRETA;ATIVA;PENHA;PENHA;QUADRA POLIESPORTIVA;1
114;CEE LUIZ MARTINEZ;CENTRO EDUCACIONAL E ESPORTIVO;DIRETA;ATIVA;PENHA;PENHA;SALA DE BRINQUEDOTECA;1
115;CEE LUIZ MARTINEZ;CENTRO EDUCACIONAL E ESPORTIVO;DIRETA;ATIVA;PENHA;PENHA;CANCHA DE BOCHA;1
116;CEE LUIZ MARTINEZ;CENTRO EDUCACIONAL E ESPORTIVO;DIRETA;ATIVA;PENHA;PENHA;CAMPO DE SOCIETY;1
117;CEE LUIZ MARTINEZ;CENTRO EDUCACIONAL E ESPORTIVO;DIRETA;ATIVA;PENHA;PENHA;SALA MULTIUSO;2
118;CEE MANE GARRINCHA;CENTRO EDUCACIONAL E ESPORTIVO;DIRETA;ATIVA;VILA MARIANA;VILA MARIANA;CAMPO DE GATEBAL;1
119;CEE MANE GARRINCHA;CENTRO EDUCACIONAL E ESPORTIVO;DIRETA;ATIVA;VILA MARIANA;VILA MARIANA;GINASIO POLIESPORTIVO;1
120;CEE MANE GARRINCHA;CENTRO EDUCACIONAL E ESPORTIVO;DIRETA;ATIVA;VILA MARIANA;VILA MARIANA;PLAY GROUND;1
121;CEE MANE GARRINCHA;CENTRO EDUCACIONAL E ESPORTIVO;DIRETA;ATIVA;VILA MARIANA;VILA MARIANA;SALA MULTIUSO;2
122;CEE MANE GARRINCHA;CENTRO EDUCACIONAL E ESPORTIVO;DIRETA;ATIVA;VILA MARIANA;VILA MARIANA;SALA MULTIUSO 4;1
123;CEE MANE GARRINCHA;CENTRO EDUCACIONAL E ESPORTIVO;DIRETA;ATIVA;VILA MARIANA;VILA MARIANA;QUADRA DE TENIS;2
124;CEE MANE GARRINCHA;CENTRO EDUCACIONAL E ESPORTIVO;DIRETA;ATIVA;VILA MARIANA;VILA MARIANA;SALA MULTIUSO 3;1
125;CEE MANE GARRINCHA;CENTRO EDUCACIONAL E ESPORTIVO;DIRETA;ATIVA;VILA MARIANA;VILA MARIANA;SALA MULTIUSO 5;1
126;CEE MANE GARRINCHA;CENTRO EDUCACIONAL E ESPORTIVO;DIRETA;ATIVA;VILA MARIANA;VILA MARIANA;SALA MULTIUSO 6;1
127;CEE MANE GARRINCHA;CENTRO EDUCACIONAL E ESPORTIVO;DIRETA;ATIVA;VILA MARIANA;VILA MARIANA;PISCINA;2
128;CEE MANE GARRINCHA;CENTRO EDUCACIONAL E ESPORTIVO;DIRETA;ATIVA;VILA MARIANA;VILA MARIANA;SALA MULTIUSO 2;1
129;CEE OSWALDO BRANDAO;CENTRO EDUCACIONAL E ESPORTIVO;DIRETA;ATIVA;FREGUESIA/BRASILANDIA;FREGUESIA DO O;SALA MULTIUSO;1
130;CEE OSWALDO BRANDAO;CENTRO EDUCACIONAL E ESPORTIVO;DIRETA;ATIVA;FREGUESIA/BRASILANDIA;FREGUESIA DO O;SALA DE BRINQUEDOTECA;1
131;CEE OSWALDO BRANDAO;CENTRO EDUCACIONAL E ESPORTIVO;DIRETA;ATIVA;FREGUESIA/BRASILANDIA;FREGUESIA DO O;SALA MULTIUSO 5;1
132;CEE OSWALDO BRANDAO;CENTRO EDUCACIONAL E ESPORTIVO;DIRETA;ATIVA;FREGUESIA/BRASILANDIA;FREGUESIA DO O;SALA MULTIUSO 6;1
133;CEE OSWALDO BRANDAO;CENTRO EDUCACIONAL E ESPORTIVO;DIRETA;ATIVA;FREGUESIA/BRASILANDIA;FREGUESIA DO O;SALA MULTIUSO 4;1
134;CEE OSWALDO BRANDAO;CENTRO EDUCACIONAL E ESPORTIVO;DIRETA;ATIVA;FREGUESIA/BRASILANDIA;FREGUESIA DO O;SALA MULTIUSO 2;1
135;CEE OSWALDO BRANDAO;CENTRO EDUCACIONAL E ESPORTIVO;DIRETA;ATIVA;FREGUESIA/BRASILANDIA;FREGUESIA DO O;SALA MULTIUSO 3;1
136;CEE OSWALDO BRANDAO;CENTRO EDUCACIONAL E ESPORTIVO;DIRETA;ATIVA;FREGUESIA/BRASILANDIA;FREGUESIA DO O;GINASIO POLIESPORTIVO;1
137;CEE OSWALDO BRANDAO;CENTRO EDUCACIONAL E ESPORTIVO;DIRETA;ATIVA;FREGUESIA/BRASILANDIA;FREGUESIA DO O;CAMPO DE FUTEBOL;1
138; CEE RAUL TABAJARA;CENTRO EDUCACIONAL E ESPORTIVO;DIRETA;ATIVA;SE;SANTA CECILIA;MINICAMPO DE FUTEBOL;1
139; CEE RAUL TABAJARA;CENTRO EDUCACIONAL E ESPORTIVO;DIRETA;ATIVA;SE;SANTA CECILIA;SALA MULTIUSO;2
140; CEE RAUL TABAJARA;CENTRO EDUCACIONAL E ESPORTIVO;DIRETA;ATIVA;SE;SANTA CECILIA;SALA DE BRINQUEDOTECA;1
141; CEE RAUL TABAJARA;CENTRO EDUCACIONAL E ESPORTIVO;DIRETA;ATIVA;SE;SANTA CECILIA;PISCINA;1
142; CEE RAUL TABAJARA;CENTRO EDUCACIONAL E ESPORTIVO;DIRETA;ATIVA;SE;SANTA CECILIA;CAMPO DE FUTEBOL;1
143; CEE RAUL TABAJARA;CENTRO EDUCACIONAL E ESPORTIVO;DIRETA;ATIVA;SE;SANTA CECILIA;QUADRA POLIESPORTIVA;1
144;CEE RIYUSO OGAWA;CENTRO EDUCACIONAL E ESPORTIVO;DIRETA;ATIVA;JABAQUARA;JABAQUARA;CECCO;5
145;CEE RIYUSO OGAWA;CENTRO EDUCACIONAL E ESPORTIVO;DIRETA;ATIVA;JABAQUARA;JABAQUARA;PISTA DE ATLETISMO;1
146;CEE RIYUSO OGAWA;CENTRO EDUCACIONAL E ESPORTIVO;DIRETA;ATIVA;JABAQUARA;JABAQUARA;CAMPO DE GATEBAL;1
147;CEE RIYUSO OGAWA;CENTRO EDUCACIONAL E ESPORTIVO;DIRETA;ATIVA;JABAQUARA;JABAQUARA;QUADRA DE VOLEIBOL;1
148;CEE RIYUSO OGAWA;CENTRO EDUCACIONAL E ESPORTIVO;DIRETA;ATIVA;JABAQUARA;JABAQUARA;QUADRA POLIESPORTIVA;1
149;CEE RIYUSO OGAWA;CENTRO EDUCACIONAL E ESPORTIVO;DIRETA;ATIVA;JABAQUARA;JABAQUARA;CAMPO DE FUTEBOL;2
150;CEE RIYUSO OGAWA;CENTRO EDUCACIONAL E ESPORTIVO;DIRETA;ATIVA;JABAQUARA;JABAQUARA;PISCINA;1
151;CEE RIYUSO OGAWA;CENTRO EDUCACIONAL E ESPORTIVO;DIRETA;ATIVA;JABAQUARA;JABAQUARA;SALA MULTIUSO 2;2
152;CEE RIYUSO OGAWA;CENTRO EDUCACIONAL E ESPORTIVO;DIRETA;ATIVA;JABAQUARA;JABAQUARA;SALA MULTIUSO;1
153;CEE RIYUSO OGAWA;CENTRO EDUCACIONAL E ESPORTIVO;DIRETA;ATIVA;JABAQUARA;JABAQUARA;PLAY GROUND;1
154;CEE RUBENS PECCE LORDELLO;CENTRO EDUCACIONAL E ESPORTIVO;DIRETA;ATIVA;SE;SE;GINASIO POLIESPORTIVO;1
155;CEE RUBENS PECCE LORDELLO;CENTRO EDUCACIONAL E ESPORTIVO;DIRETA;ATIVA;SE;SE;SALA MULTIUSO 2;1
156;CEE RUBENS PECCE LORDELLO;CENTRO EDUCACIONAL E ESPORTIVO;DIRETA;ATIVA;SE;SE;SALA MULTIUSO;1
157;CEE RUBENS PECCE LORDELLO;CENTRO EDUCACIONAL E ESPORTIVO;DIRETA;ATIVA;SE;SE;SALA MULTIUSO 6;1
158;CEE RUBENS PECCE LORDELLO;CENTRO EDUCACIONAL E ESPORTIVO;DIRETA;ATIVA;SE;SE;QUADRA POLIESPORTIVA;1
159;CEE RUBENS PECCE LORDELLO;CENTRO EDUCACIONAL E ESPORTIVO;DIRETA;ATIVA;SE;SE;PLAY GROUND;1
160;CEE RUBENS PECCE LORDELLO;CENTRO EDUCACIONAL E ESPORTIVO;DIRETA;ATIVA;SE;SE;SALA MULTIUSO 3;1
161;CEE RUBENS PECCE LORDELLO;CENTRO EDUCACIONAL E ESPORTIVO;DIRETA;ATIVA;SE;SE;CANCHA DE BOCHA;1
162;CEE RUBENS PECCE LORDELLO;CENTRO EDUCACIONAL E ESPORTIVO;DIRETA;ATIVA;SE;SE;PISCINA;2
163;CEE RUBENS PECCE LORDELLO;CENTRO EDUCACIONAL E ESPORTIVO;DIRETA;ATIVA;SE;SE;SALA DE BRINQUEDOTECA;1
164;CEE SALIM FARAH MALUF;CENTRO EDUCACIONAL E ESPORTIVO;DIRETA;ATIVA;MOOCA;MOOCA;ESPACO PET/CACHORRODROMO;1
165;CEE SALIM FARAH MALUF;CENTRO EDUCACIONAL E ESPORTIVO;DIRETA;ATIVA;MOOCA;MOOCA;QUADRA POLIESPORTIVA;4
166;CEE SALIM FARAH MALUF;CENTRO EDUCACIONAL E ESPORTIVO;DIRETA;ATIVA;MOOCA;MOOCA;PISCINA;2
167;CEE SALIM FARAH MALUF;CENTRO EDUCACIONAL E ESPORTIVO;DIRETA;ATIVA;MOOCA;MOOCA;SALA MULTIUSO;6
168;CEE SALIM FARAH MALUF;CENTRO EDUCACIONAL E ESPORTIVO;DIRETA;ATIVA;MOOCA;MOOCA;QUADRA DE TENIS;1
169;CEE SALIM FARAH MALUF;CENTRO EDUCACIONAL E ESPORTIVO;DIRETA;ATIVA;MOOCA;MOOCA;GINASIO POLIESPORTIVO;1
170;CEE SALIM FARAH MALUF;CENTRO EDUCACIONAL E ESPORTIVO;DIRETA;ATIVA;MOOCA;MOOCA;CANCHA DE BOCHA;1
171;CEE SALIM FARAH MALUF;CENTRO EDUCACIONAL E ESPORTIVO;DIRETA;ATIVA;MOOCA;MOOCA;QUADRA DE FUTSAL;1
172;CEE SALIM FARAH MALUF;CENTRO EDUCACIONAL E ESPORTIVO;DIRETA;ATIVA;MOOCA;MOOCA;SALA DE BRINQUEDOTECA;1
173;CEE SALIM FARAH MALUF;CENTRO EDUCACIONAL E ESPORTIVO;DIRETA;ATIVA;MOOCA;MOOCA;CAMPO DE SOCIETY;2
174;CEE SALIM FARAH MALUF;CENTRO EDUCACIONAL E ESPORTIVO;DIRETA;ATIVA;MOOCA;MOOCA;PISTA DE BICICROSS;1
175;CEE SALIM FARAH MALUF;CENTRO EDUCACIONAL E ESPORTIVO;DIRETA;ATIVA;MOOCA;MOOCA;ESTACAO DE EXERCICIOS;1
176;CEE SALIM FARAH MALUF;CENTRO EDUCACIONAL E ESPORTIVO;DIRETA;ATIVA;MOOCA;MOOCA;CAMPO DE FUTEBOL;1
177;CEE SOLANGE NUNES BIBAS;CENTRO EDUCACIONAL E ESPORTIVO;DIRETA;ATIVA;BUTANTA;BUTANTA;CANCHA DE BOCHA;1
178;CEE SOLANGE NUNES BIBAS;CENTRO EDUCACIONAL E ESPORTIVO;DIRETA;ATIVA;BUTANTA;BUTANTA;SALA MULTIUSO 3;1
179;CEE SOLANGE NUNES BIBAS;CENTRO EDUCACIONAL E ESPORTIVO;DIRETA;ATIVA;BUTANTA;BUTANTA;CAMPO DE GATEBAL;1
180;CEE SOLANGE NUNES BIBAS;CENTRO EDUCACIONAL E ESPORTIVO;DIRETA;ATIVA;BUTANTA;BUTANTA;PISCINA;2
181;CEE SOLANGE NUNES BIBAS;CENTRO EDUCACIONAL E ESPORTIVO;DIRETA;ATIVA;BUTANTA;BUTANTA;SALA MULTIUSO 2;1
182;CEE SOLANGE NUNES BIBAS;CENTRO EDUCACIONAL E ESPORTIVO;DIRETA;ATIVA;BUTANTA;BUTANTA;PLAY GROUND;1
183;CEE SOLANGE NUNES BIBAS;CENTRO EDUCACIONAL E ESPORTIVO;DIRETA;ATIVA;BUTANTA;BUTANTA;QUADRA DE FUTSAL;2
184;CEE SOLANGE NUNES BIBAS;CENTRO EDUCACIONAL E ESPORTIVO;DIRETA;ATIVA;BUTANTA;BUTANTA;QUADRA DE VOLEIBOL;1
185;CEE SOLANGE NUNES BIBAS;CENTRO EDUCACIONAL E ESPORTIVO;DIRETA;ATIVA;BUTANTA;BUTANTA;ESTACAO DE EXERCICIOS;1
186;CEE SOLANGE NUNES BIBAS;CENTRO EDUCACIONAL E ESPORTIVO;DIRETA;ATIVA;BUTANTA;BUTANTA;SALA MULTIUSO;1
187;CEE SOLANGE NUNES BIBAS;CENTRO EDUCACIONAL E ESPORTIVO;DIRETA;ATIVA;BUTANTA;BUTANTA;CAMPO DE FUTEBOL;2
188;CEE THOMAZ MAZZONI;CENTRO EDUCACIONAL E ESPORTIVO;DIRETA;ATIVA;VILA MARIA;VILA MARIA;SALA MULTIUSO 3;1
189;CEE THOMAZ MAZZONI;CENTRO EDUCACIONAL E ESPORTIVO;DIRETA;ATIVA;VILA MARIA;VILA MARIA;GINASIO POLIESPORTIVO;1
190;CEE THOMAZ MAZZONI;CENTRO EDUCACIONAL E ESPORTIVO;DIRETA;ATIVA;VILA MARIA;VILA MARIA;SALA MULTIUSO 4;1
191;CEE THOMAZ MAZZONI;CENTRO EDUCACIONAL E ESPORTIVO;DIRETA;ATIVA;VILA MARIA;VILA MARIA;CAMPO DE FUTEBOL;1
192;CEE THOMAZ MAZZONI;CENTRO EDUCACIONAL E ESPORTIVO;DIRETA;ATIVA;VILA MARIA;VILA MARIA;QUADRA POLIESPORTIVA;3
193;CEE THOMAZ MAZZONI;CENTRO EDUCACIONAL E ESPORTIVO;DIRETA;ATIVA;VILA MARIA;VILA MARIA;SALA MULTIUSO 2;1
194;CEE THOMAZ MAZZONI;CENTRO EDUCACIONAL E ESPORTIVO;DIRETA;ATIVA;VILA MARIA;VILA MARIA;PISTA DE ATLETISMO;1
195;CEE THOMAZ MAZZONI;CENTRO EDUCACIONAL E ESPORTIVO;DIRETA;ATIVA;VILA MARIA;VILA MARIA;PISCINA;3
196;CEE THOMAZ MAZZONI;CENTRO EDUCACIONAL E ESPORTIVO;DIRETA;ATIVA;VILA MARIA;VILA MARIA;CANCHA DE BOCHA;1
197;CEE THOMAZ MAZZONI;CENTRO EDUCACIONAL E ESPORTIVO;DIRETA;ATIVA;VILA MARIA;VILA MARIA;SALA MULTIUSO;2
198;CEE VICENTE ITALO FEOLA;CENTRO EDUCACIONAL E ESPORTIVO;DIRETA;ATIVA;ARICANDUVA/FORMOSA;CARRAO;QUADRA POLIESPORTIVA;1
199;CEE VICENTE ITALO FEOLA;CENTRO EDUCACIONAL E ESPORTIVO;DIRETA;ATIVA;ARICANDUVA/FORMOSA;CARRAO;CAMPO DE GATEBAL;1
200;CEE VICENTE ITALO FEOLA;CENTRO EDUCACIONAL E ESPORTIVO;DIRETA;ATIVA;ARICANDUVA/FORMOSA;CARRAO;PISCINA;1
201;CEE VICENTE ITALO FEOLA;CENTRO EDUCACIONAL E ESPORTIVO;DIRETA;ATIVA;ARICANDUVA/FORMOSA;CARRAO;SALA MULTIUSO;1
202;CEE VICENTE ITALO FEOLA;CENTRO EDUCACIONAL E ESPORTIVO;DIRETA;ATIVA;ARICANDUVA/FORMOSA;CARRAO;CAMPO DE FUTEBOL;1
203;CEE VICENTE ITALO FEOLA;CENTRO EDUCACIONAL E ESPORTIVO;DIRETA;ATIVA;ARICANDUVA/FORMOSA;CARRAO;GINASIO POLIESPORTIVO;1
204;CEE VICENTE ITALO FEOLA;CENTRO EDUCACIONAL E ESPORTIVO;DIRETA;ATIVA;ARICANDUVA/FORMOSA;CARRAO;SALA MULTIUSO 2;1
205;CEE VICENTE ITALO FEOLA;CENTRO EDUCACIONAL E ESPORTIVO;DIRETA;ATIVA;ARICANDUVA/FORMOSA;CARRAO;PLAY GROUND;1
206;CEL ANDRE VITAL RIBEIRO SOARES;CENTRO DE ESPORTE E LAZER;DIRETA;ATIVA;CIDADE TIRADENTES;CIDADE TIRADENTES;SALA MULTIUSO 2;1
207;CEL ANDRE VITAL RIBEIRO SOARES;CENTRO DE ESPORTE E LAZER;DIRETA;ATIVA;CIDADE TIRADENTES;CIDADE TIRADENTES;GINASIO POLIESPORTIVO;1
208;CEL ANDRE VITAL RIBEIRO SOARES;CENTRO DE ESPORTE E LAZER;DIRETA;ATIVA;CIDADE TIRADENTES;CIDADE TIRADENTES;SALA MULTIUSO 3;1
209;CEL ANDRE VITAL RIBEIRO SOARES;CENTRO DE ESPORTE E LAZER;DIRETA;ATIVA;CIDADE TIRADENTES;CIDADE TIRADENTES;ESTACAO DE EXERCICIOS;1
210;CEL ANDRE VITAL RIBEIRO SOARES;CENTRO DE ESPORTE E LAZER;DIRETA;ATIVA;CIDADE TIRADENTES;CIDADE TIRADENTES;QUADRA POLIESPORTIVA;1
211;CEL ANDRE VITAL RIBEIRO SOARES;CENTRO DE ESPORTE E LAZER;DIRETA;ATIVA;CIDADE TIRADENTES;CIDADE TIRADENTES;SALA MULTIUSO;1
212;CEL ANDRE VITAL RIBEIRO SOARES;CENTRO DE ESPORTE E LAZER;DIRETA;ATIVA;CIDADE TIRADENTES;CIDADE TIRADENTES;CAMPO DE FUTEBOL;1
213; CEL BRIGADEIRO EDUARDO GOMES;CENTRO DE ESPORTE E LAZER;DIRETA;ATIVA;CASA VERDE;JARAGUA;SALA MULTIUSO 4;1
214; CEL BRIGADEIRO EDUARDO GOMES;CENTRO DE ESPORTE E LAZER;DIRETA;ATIVA;CASA VERDE;JARAGUA;SALA MULTIUSO;2
215; CEL BRIGADEIRO EDUARDO GOMES;CENTRO DE ESPORTE E LAZER;DIRETA;ATIVA;CASA VERDE;JARAGUA;SALA MULTIUSO 2;1
216; CEL BRIGADEIRO EDUARDO GOMES;CENTRO DE ESPORTE E LAZER;DIRETA;ATIVA;CASA VERDE;JARAGUA;PLAY GROUND;1
217; CEL BRIGADEIRO EDUARDO GOMES;CENTRO DE ESPORTE E LAZER;DIRETA;ATIVA;CASA VERDE;JARAGUA;SALA MULTIUSO 5;1
218; CEL BRIGADEIRO EDUARDO GOMES;CENTRO DE ESPORTE E LAZER;DIRETA;ATIVA;CASA VERDE;JARAGUA;GINASIO POLIESPORTIVO;2
219; CEL BRIGADEIRO EDUARDO GOMES;CENTRO DE ESPORTE E LAZER;DIRETA;ATIVA;CASA VERDE;JARAGUA;QUADRA POLIESPORTIVA;1
220; CEL BRIGADEIRO EDUARDO GOMES;CENTRO DE ESPORTE E LAZER;DIRETA;ATIVA;CASA VERDE;JARAGUA;QUADRA DE BASQUETE;1
221; CEL BRIGADEIRO EDUARDO GOMES;CENTRO DE ESPORTE E LAZER;DIRETA;ATIVA;CASA VERDE;JARAGUA;SALA MULTIUSO 3;1
222; CEL BRIGADEIRO EDUARDO GOMES;CENTRO DE ESPORTE E LAZER;DIRETA;ATIVA;CASA VERDE;JARAGUA;SALA MULTIUSO 6;1
223; CEL BRIGADEIRO EDUARDO GOMES;CENTRO DE ESPORTE E LAZER;DIRETA;ATIVA;CASA VERDE;JARAGUA;QUADRA DE VOLEIBOL;1
224;CEL BRIGADEIRO EDUARDO GOMES;CENTRO DE ESPORTE E LAZER;DIRETA;ATIVA;CASA VERDE;JARAGUA;QUADRA DE HANDEBOL;1
225;CEL BRIGADEIRO EDUARDO GOMES;CENTRO DE ESPORTE E LAZER;DIRETA;ATIVA;CASA VERDE;JARAGUA;MINIQUADRA DE ESPORTES;1
226;CEL BRIGADEIRO EDUARDO GOMES;CENTRO DE ESPORTE E LAZER;DIRETA;ATIVA;CASA VERDE;JARAGUA;CAMPO DE FUTEBOL;1
227;CEL JOSE BONIFACIO;CENTRO DE ESPORTE E LAZER;DIRETA;ATIVA;ITAQUERA;JOSE BONIFACIO;GINASIO POLIESPORTIVO;2
228;CEL JOSE BONIFACIO;CENTRO DE ESPORTE E LAZER;DIRETA;ATIVA;ITAQUERA;JOSE BONIFACIO;SALA MULTIUSO;1
229;CEL JOSE BONIFACIO;CENTRO DE ESPORTE E LAZER;DIRETA;ATIVA;ITAQUERA;JOSE BONIFACIO;QUADRA POLIESPORTIVA;1
230;CEL JOSE BONIFACIO;CENTRO DE ESPORTE E LAZER;DIRETA;ATIVA;ITAQUERA;JOSE BONIFACIO;CAMPO DE FUTEBOL;1
231;CEL JOSE BONIFACIO;CENTRO DE ESPORTE E LAZER;DIRETA;ATIVA;ITAQUERA;JOSE BONIFACIO;SALA MULTIUSO 2;1
232;CEL JOSE BONIFACIO;CENTRO DE ESPORTE E LAZER;DIRETA;ATIVA;ITAQUERA;JOSE BONIFACIO;CANCHA DE MALHA;1
233;CEL JOSE BONIFACIO;CENTRO DE ESPORTE E LAZER;DIRETA;ATIVA;ITAQUERA;JOSE BONIFACIO;SALA MULTIUSO 4;1
234;CEL JOSE BONIFACIO;CENTRO DE ESPORTE E LAZER;DIRETA;ATIVA;ITAQUERA;JOSE BONIFACIO;SALA MULTIUSO 5;1
235;CEL JOSE BONIFACIO;CENTRO DE ESPORTE E LAZER;DIRETA;ATIVA;ITAQUERA;JOSE BONIFACIO;SALA MULTIUSO 3;1
236;CEL JUSCELINO KUBITSCHEK;CENTRO DE ESPORTE E LAZER;DIRETA;ATIVA;CIDADE TIRADENTES;CIDADE TIRADENTES;GINASIO POLIESPORTIVO;1
237;CEL JUSCELINO KUBITSCHEK;CENTRO DE ESPORTE E LAZER;DIRETA;ATIVA;CIDADE TIRADENTES;CIDADE TIRADENTES;QUADRA POLIESPORTIVA;1
238;CEL JUSCELINO KUBITSCHEK;CENTRO DE ESPORTE E LAZER;DIRETA;ATIVA;CIDADE TIRADENTES;CIDADE TIRADENTES;SALA MULTIUSO;1
239;CEL JUSCELINO KUBITSCHEK;CENTRO DE ESPORTE E LAZER;DIRETA;ATIVA;CIDADE TIRADENTES;CIDADE TIRADENTES;SALA MULTIUSO 2;1
240;CEL MODELODROMO DO IBIRAPUERA;CENTRO DE ESPORTE E LAZER;DIRETA;ATIVA;VILA MARIANA;MOEMA;TANQUE DE NAUTIMODELISMO;1
241;CEL MODELODROMO DO IBIRAPUERA;CENTRO DE ESPORTE E LAZER;DIRETA;ATIVA;VILA MARIANA;MOEMA;AREA LIVRE;1
242;CEL MODELODROMO DO IBIRAPUERA;CENTRO DE ESPORTE E LAZER;DIRETA;ATIVA;VILA MARIANA;MOEMA;ESPACO PET/CACHORRODROMO;1
243;CEL MODELODROMO DO IBIRAPUERA;CENTRO DE ESPORTE E LAZER;DIRETA;ATIVA;VILA MARIANA;MOEMA;PISTA DE FERROMODELISMO;1
244;CEL MODELODROMO DO IBIRAPUERA;CENTRO DE ESPORTE E LAZER;DIRETA;ATIVA;VILA MARIANA;MOEMA;PISTA DE AEROMODELISMO;1
245;CEL PADRE  JOSE DE ANCHIETA;CENTRO DE ESPORTE E LAZER;DIRETA;ATIVA;PENHA;ARTUR ALVIM;SALA MULTIUSO 2;1
246;CEL PADRE  JOSE DE ANCHIETA;CENTRO DE ESPORTE E LAZER;DIRETA;ATIVA;PENHA;ARTUR ALVIM;CAMPO DE FUTEBOL;1
247;CEL PADRE  JOSE DE ANCHIETA;CENTRO DE ESPORTE E LAZER;DIRETA;ATIVA;PENHA;ARTUR ALVIM;SALA MULTIUSO;5
248;CEL PADRE  JOSE DE ANCHIETA;CENTRO DE ESPORTE E LAZER;DIRETA;ATIVA;PENHA;ARTUR ALVIM;PLAY GROUND;1
249;CEL PADRE  JOSE DE ANCHIETA;CENTRO DE ESPORTE E LAZER;DIRETA;ATIVA;PENHA;ARTUR ALVIM;QUADRA POLIESPORTIVA;1
250;CEL PADRE  JOSE DE ANCHIETA;CENTRO DE ESPORTE E LAZER;DIRETA;ATIVA;PENHA;ARTUR ALVIM;GINASIO POLIESPORTIVO;1
251;CEL PERUS;CENTRO DE ESPORTE E LAZER;DIRETA;ATIVA;PERUS;PERUS;SALA MULTIUSO;2
252;CEL PERUS;CENTRO DE ESPORTE E LAZER;DIRETA;ATIVA;PERUS;PERUS;CAMPO DE FUTEBOL;1
253;CEL TEOTONIO VILELA;CENTRO DE ESPORTE E LAZER;DIRETA;ATIVA;VILA PRUDENTE;SAPOPEMBA;CAMPO DE FUTEBOL;1
254;CEL TEOTONIO VILELA;CENTRO DE ESPORTE E LAZER;DIRETA;ATIVA;VILA PRUDENTE;SAPOPEMBA;PLAY GROUND;2
255;CEL TEOTONIO VILELA;CENTRO DE ESPORTE E LAZER;DIRETA;ATIVA;VILA PRUDENTE;SAPOPEMBA;QUADRA POLIESPORTIVA;1
256;CEL TEOTONIO VILELA;CENTRO DE ESPORTE E LAZER;DIRETA;ATIVA;VILA PRUDENTE;SAPOPEMBA;GINASIO POLIESPORTIVO;1
257;CEL TEOTONIO VILELA;CENTRO DE ESPORTE E LAZER;DIRETA;ATIVA;VILA PRUDENTE;SAPOPEMBA;SALA MULTIUSO;1
258;CEL TEOTONIO VILELA;CENTRO DE ESPORTE E LAZER;DIRETA;ATIVA;VILA PRUDENTE;SAPOPEMBA;ESTACAO DE EXERCICIOS;1
259;CENTRO DE ESPORTES RADICAIS;CENTRO ESPORTIVO;DIRETA;ATIVA;SE;BOM RETIRO;PISTA DE ATLETISMO;1
260;CENTRO DE ESPORTES RADICAIS;CENTRO ESPORTIVO;DIRETA;ATIVA;SE;BOM RETIRO;HALF (SKATE);1
261;CENTRO DE ESPORTES RADICAIS;CENTRO ESPORTIVO;DIRETA;ATIVA;SE;BOM RETIRO;AREA LIVRE;4
262;CENTRO DE ESPORTES RADICAIS;CENTRO ESPORTIVO;DIRETA;ATIVA;SE;BOM RETIRO;PISTA DE BANKS;1
263;CENTRO DE ESPORTES RADICAIS;CENTRO ESPORTIVO;DIRETA;ATIVA;SE;BOM RETIRO;ESTACAO DE EXERCICIOS;1
264;CENTRO DE ESPORTES RADICAIS;CENTRO ESPORTIVO;DIRETA;ATIVA;SE;BOM RETIRO;PLAY GROUND;1
265;CENTRO DE ESPORTES RADICAIS;CENTRO ESPORTIVO;DIRETA;ATIVA;SE;BOM RETIRO;PISTA DE STREET PLAZA;1
266;CENTRO DE ESPORTES RADICAIS;CENTRO ESPORTIVO;DIRETA;ATIVA;SE;BOM RETIRO;PISTA DE BOWL;1
267;CENTRO DE ESPORTES RADICAIS;CENTRO ESPORTIVO;DIRETA;ATIVA;SE;BOM RETIRO;CICLOVIA;1
268;CENTRO DE ESPORTES RADICAIS;CENTRO ESPORTIVO;DIRETA;ATIVA;SE;BOM RETIRO;PISTA DE PUMP TRACK;3
269;CENTRO ESPORTIVO NAUTICO GUARAPIRANGA;CENTRO ESPORTIVO;DIRETA;ATIVA;MBOI MIRIM;JARDIM ANGELA;CANCHA DE BOCHA;1
270;CENTRO ESPORTIVO NAUTICO GUARAPIRANGA;CENTRO ESPORTIVO;DIRETA;ATIVA;MBOI MIRIM;JARDIM ANGELA;CAMPO DE FUTEBOL;2
271;CENTRO ESPORTIVO NAUTICO GUARAPIRANGA;CENTRO ESPORTIVO;DIRETA;ATIVA;MBOI MIRIM;JARDIM ANGELA;PISCINA;1
272;CENTRO ESPORTIVO NAUTICO GUARAPIRANGA;CENTRO ESPORTIVO;DIRETA;ATIVA;MBOI MIRIM;JARDIM ANGELA;TANQUE DE NAUTIMODELISMO;1
273;CENTRO ESPORTIVO NAUTICO GUARAPIRANGA;CENTRO ESPORTIVO;DIRETA;ATIVA;MBOI MIRIM;JARDIM ANGELA;PISTA DE COOPER;1
274;CENTRO ESPORTIVO NAUTICO GUARAPIRANGA;CENTRO ESPORTIVO;DIRETA;ATIVA;MBOI MIRIM;JARDIM ANGELA;QUADRA POLIESPORTIVA;2
275;CENTRO ESPORTIVO NAUTICO GUARAPIRANGA;CENTRO ESPORTIVO;DIRETA;ATIVA;MBOI MIRIM;JARDIM ANGELA;QUADRA DE TENIS;1
276;CENTRO ESPORTIVO, RECREATIVO E EDUCATIVO DO TRABALHADOR; CENTRO EDUCACIONAL E ESPORTIVO;DIRETA;ATIVA;MBOI MIRIM;JARDIM ANGELA;PISCINA SEMI OLIMPICA;1
277;CENTRO ESPORTIVO, RECREATIVO E EDUCATIVO DO TRABALHADOR; CENTRO EDUCACIONAL E ESPORTIVO;DIRETA;ATIVA;ARICANDUVA/FORMOSA;VILA FORMOSA;CAMPO DE FUTEBOL;2
278;CENTRO ESPORTIVO TIETE;CENTRO EDUCACIONAL E ESPORTIVO;DIRETA;ATIVA;SE;SE;GINASIO POLIESPORTIVO;4
279;CENTRO ESPORTIVO TIETE;CENTRO EDUCACIONAL E ESPORTIVO;DIRETA;ATIVA;SE;SE;PLAY GROUND;2
280;CENTRO ESPORTIVO TIETE;CENTRO EDUCACIONAL E ESPORTIVO;DIRETA;ATIVA;SE;SE;PISTA DE ATLETISMO;1
281;CENTRO ESPORTIVO TIETE;CENTRO EDUCACIONAL E ESPORTIVO;DIRETA;ATIVA;SE;SE;SALA MULTIUSO;1
282;CENTRO ESPORTIVO TIETE;CENTRO EDUCACIONAL E ESPORTIVO;DIRETA;ATIVA;SE;SE;SALA MULTIUSO 2;1
283;CENTRO ESPORTIVO TIETE;CENTRO EDUCACIONAL E ESPORTIVO;DIRETA;ATIVA;SE;SE;SALA DE BRINQUEDOTECA;1
284;CENTRO ESPORTIVO TIETE;CENTRO EDUCACIONAL E ESPORTIVO;DIRETA;ATIVA;SE;SE;AREA LIVRE;1
285;CENTRO ESPORTIVO TIETE;CENTRO EDUCACIONAL E ESPORTIVO;DIRETA;ATIVA;SE;SE;QUADRA POLIESPORTIVA;1
286;CENTRO ESPORTIVO TIETE;CENTRO EDUCACIONAL E ESPORTIVO;DIRETA;ATIVA;SE;SE;QUADRA DE BASQUETE;1
287;CENTRO ESPORTIVO TIETE;CENTRO EDUCACIONAL E ESPORTIVO;DIRETA;ATIVA;SE;SE;MINIQUADRA DE ESPORTES;1
288;CENTRO ESPORTIVO TIETE;CENTRO EDUCACIONAL E ESPORTIVO;DIRETA;ATIVA;SE;SE;QUADRA DE TENIS;1
289;CENTRO OLIMPICO DE TREINAMENTO E PESQUISA;CENTRO OLIMPICO DE TREINAMENTO;DIRETA;ATIVA;VILA MARIANA;MOEMA;QUADRA DE HANDEBOL;1
290;CENTRO OLIMPICO DE TREINAMENTO E PESQUISA;CENTRO OLIMPICO DE TREINAMENTO;DIRETA;ATIVA;VILA MARIANA;MOEMA;CAMPO DE FUTEBOL;2
291;CENTRO OLIMPICO DE TREINAMENTO E PESQUISA;CENTRO OLIMPICO DE TREINAMENTO;DIRETA;ATIVA;VILA MARIANA;MOEMA;GINASIO POLIESPORTIVO;1
292;CENTRO OLIMPICO DE TREINAMENTO E PESQUISA;CENTRO OLIMPICO DE TREINAMENTO;DIRETA;ATIVA;VILA MARIANA;MOEMA;QUADRA DE BASQUETE;1
293;CENTRO OLIMPICO DE TREINAMENTO E PESQUISA;CENTRO OLIMPICO DE TREINAMENTO;DIRETA;ATIVA;VILA MARIANA;MOEMA;SALA MULTIUSO;10
294;CENTRO OLIMPICO DE TREINAMENTO E PESQUISA;CENTRO OLIMPICO DE TREINAMENTO;DIRETA;ATIVA;VILA MARIANA;MOEMA;QUADRA DE VOLEIBOL;1
295;CENTRO OLIMPICO DE TREINAMENTO E PESQUISA;CENTRO OLIMPICO DE TREINAMENTO;DIRETA;ATIVA;VILA MARIANA;MOEMA;PISTA DE ATLETISMO;1
296;CENTRO OLIMPICO DE TREINAMENTO E PESQUISA;CENTRO OLIMPICO DE TREINAMENTO;DIRETA;ATIVA;VILA MARIANA;MOEMA;PISCINA;1
297;CENTRO OLIMPICO DE TREINAMENTO E PESQUISA;CENTRO OLIMPICO DE TREINAMENTO;DIRETA;ATIVA;VILA MARIANA;MOEMA;CAMPO DE SOCIETY;1
298;ESTADIO MUNICIPAL JACK MARIN;ESTADIO;DIRETA;ATIVA;SE;LIBERDADE;SALA MULTIUSO;3
299;ESTADIO MUNICIPAL JACK MARIN;ESTADIO;DIRETA;ATIVA;SE;LIBERDADE;CAMPO DE FUTEBOL;1
300;ESTADIO MUNICIPAL JACK MARIN;ESTADIO;DIRETA;ATIVA;SE;LIBERDADE;QUADRA POLIESPORTIVA;2
301;ESTADIO MUNICIPAL JACK MARIN;ESTADIO;DIRETA;ATIVA;SE;LIBERDADE;SALA MULTIUSO 2;1
302;ESTADIO MUNICIPAL MIE NISHI;ESTADIO;DIRETA;ATIVA;SE;BOM RETIRO;SALA MULTIUSO 2;1
303;ESTADIO MUNICIPAL MIE NISHI;ESTADIO;DIRETA;ATIVA;SE;BOM RETIRO;SALA MULTIUSO 3;1
304;ESTADIO MUNICIPAL MIE NISHI;ESTADIO;DIRETA;ATIVA;SE;BOM RETIRO;CAMPO DE GATEBAL;3
305;ESTADIO MUNICIPAL MIE NISHI;ESTADIO;DIRETA;ATIVA;SE;BOM RETIRO;SALA MULTIUSO;3
306;ESTADIO MUNICIPAL MIE NISHI;ESTADIO;DIRETA;ATIVA;SE;BOM RETIRO;GINASIO POLIESPORTIVO;1
307;ESTADIO MUNICIPAL PAULO MACHADO DE CARVALHO;ESTADIO;DIRETA;ATIVA;SE;SANTA CECILIA;SALA MULTIUSO;1
308;ESTADIO MUNICIPAL PAULO MACHADO DE CARVALHO;ESTADIO;DIRETA;ATIVA;SE;SANTA CECILIA;QUADRA DE TENIS;1
309;ESTADIO MUNICIPAL PAULO MACHADO DE CARVALHO;ESTADIO;DIRETA;ATIVA;SE;SANTA CECILIA;PISCINA;1
310;ESTADIO MUNICIPAL PAULO MACHADO DE CARVALHO;ESTADIO;DIRETA;ATIVA;SE;SANTA CECILIA;SALA MULTIUSO 2;1
311;ESTADIO MUNICIPAL PAULO MACHADO DE CARVALHO;ESTADIO;DIRETA;ATIVA;SE;SANTA CECILIA;ESTACAO DE EXERCICIOS;1
312;ESTADIO MUNICIPAL PAULO MACHADO DE CARVALHO;ESTADIO;DIRETA;ATIVA;SE;SANTA CECILIA;CAMPO DE FUTEBOL;1
313;ESTADIO MUNICIPAL PAULO MACHADO DE CARVALHO;ESTADIO;DIRETA;ATIVA;SE;SANTA CECILIA;AREA LIVRE;1
314;ESTADIO MUNICIPAL PAULO MACHADO DE CARVALHO;ESTADIO;DIRETA;ATIVA;SE;SANTA CECILIA;GINASIO POLIESPORTIVO;2
315;ESTADIO MUNICIPAL PAULO MACHADO DE CARVALHO;ESTADIO;DIRETA;ATIVA;SE;SANTA CECILIA;QUADRA POLIESPORTIVA;1
316;GINASIO ESPORTIVO DARCY REIS;GINASIO DE ESPORTES;DIRETA;ATIVA;VILA MARIA/VILA GUILHERME;VILA GUILHERME;SALA MULTIUSO;3
317;GINASIO ESPORTIVO DARCY REIS;GINASIO DE ESPORTES;DIRETA;ATIVA;VILA MARIA/VILA GUILHERME;VILA GUILHERME;GINASIO POLIESPORTIVO;1
318;GINASIO ESPORTIVO DARCY REIS;GINASIO DE ESPORTES;DIRETA;ATIVA;VILA MARIA/VILA GUILHERME;VILA GUILHERME;SALA MULTIUSO 2;1
319;MINI BALNEARIO IRMAOS PAOLILLO;MINI BALNEARIO;DIRETA;ATIVA;TREMEMBE/JACANA;JACANA;SALA DE BRINQUEDOTECA;1
320;MINI BALNEARIO IRMAOS PAOLILLO;MINI BALNEARIO;DIRETA;ATIVA;TREMEMBE/JACANA;JACANA;SALA MULTIUSO;4
321;MINI BALNEARIO IRMAOS PAOLILLO;MINI BALNEARIO;DIRETA;ATIVA;TREMEMBE/JACANA;JACANA;PISCINA;1
322;MINI BALNEARIO IRMAOS PAOLILLO;MINI BALNEARIO;DIRETA;ATIVA;TREMEMBE/JACANA;JACANA;AREA LIVRE;1
323;MINI BALNEARIO IRMAOS PAOLILLO;MINI BALNEARIO;DIRETA;ATIVA;TREMEMBE/JACANA;JACANA;QUADRA POLIESPORTIVA;1
324; MINI BALNEARIO  MARECHAL ESPIRIDIAO ROSA;MINI BALNEARIO;DIRETA;ATIVA;LAPA;JAGUARE;ESTACAO DE EXERCICIOS;1
325; MINI BALNEARIO  MARECHAL ESPIRIDIAO ROSA;MINI BALNEARIO;DIRETA;ATIVA;LAPA;JAGUARE;SALA MULTIUSO;2
326; MINI BALNEARIO  MARECHAL ESPIRIDIAO ROSA;MINI BALNEARIO;DIRETA;ATIVA;LAPA;JAGUARE;PISCINA;2
327; MINI BALNEARIO  MARECHAL ESPIRIDIAO ROSA;MINI BALNEARIO;DIRETA;ATIVA;LAPA;JAGUARE;SALA DE BRINQUEDOTECA;1
328; MINI BALNEARIO  MARECHAL ESPIRIDIAO ROSA;MINI BALNEARIO;DIRETA;ATIVA;LAPA;JAGUARE;QUADRA POLIESPORTIVA;1
329;MINI BALNEARIO ANTONIO CARLOS DE ABREU SODRE;MINI BALNEARIO;DIRETA;ATIVA;SANTO AMARO;CAMPO GRANDE;SALA MULTIUSO 2;1
330;MINI BALNEARIO ANTONIO CARLOS DE ABREU SODRE;MINI BALNEARIO;DIRETA;ATIVA;SANTO AMARO;CAMPO GRANDE;PISCINA;1
331;MINI BALNEARIO ANTONIO CARLOS DE ABREU SODRE;MINI BALNEARIO;DIRETA;ATIVA;SANTO AMARO;CAMPO GRANDE;SALA MULTIUSO;1
332;MINI BALNEARIO COMANDANTE GARCIA DAVILA;MINI BALNEARIO;DIRETA;ATIVA;CASA VERDE;CASA VERDE;SALA MULTIUSO 3;1
333;MINI BALNEARIO COMANDANTE GARCIA DAVILA;MINI BALNEARIO;DIRETA;ATIVA;CASA VERDE;CASA VERDE;SALA MULTIUSO;3
334;MINI BALNEARIO COMANDANTE GARCIA DAVILA;MINI BALNEARIO;DIRETA;ATIVA;CASA VERDE;CASA VERDE;SALA MULTIUSO 2;1
335;MINI BALNEARIO COMANDANTE GARCIA DAVILA;MINI BALNEARIO;DIRETA;ATIVA;CASA VERDE;CASA VERDE;QUADRA POLIESPORTIVA;1
336;MINI BALNEARIO COMANDANTE GARCIA DAVILA;MINI BALNEARIO;DIRETA;ATIVA;CASA VERDE;CASA VERDE;GINASIO POLIESPORTIVO;1
337;MINI BALNEARIO COMANDANTE GARCIA DAVILA;MINI BALNEARIO;DIRETA;ATIVA;CASA VERDE;CASA VERDE;PISCINA;2
338;MINI BALNEARIO COMANDANTE GARCIA DAVILA;MINI BALNEARIO;DIRETA;ATIVA;CASA VERDE;CASA VERDE;ESTACAO DE EXERCICIOS;1
339;MINI BALNEARIO COMANDANTE GASTAO MOUTINHO;MINI BALNEARIO;DIRETA;ATIVA;SANTANA/TUCURUVI;MANDAQUI;ESTACAO DE EXERCICIOS;1
340;MINI BALNEARIO COMANDANTE GASTAO MOUTINHO;MINI BALNEARIO;DIRETA;ATIVA;SANTANA/TUCURUVI;MANDAQUI;PISCINA;1
341;MINI BALNEARIO COMANDANTE GASTAO MOUTINHO;MINI BALNEARIO;DIRETA;ATIVA;SANTANA/TUCURUVI;MANDAQUI;SALA MULTIUSO;1
342;MINI BALNEARIO JOSE MARIA WHITAKER;MINI BALNEARIO;DIRETA;ATIVA;SAO MATEUS;SAO MATEUS;PLAY GROUND;1
343;MINI BALNEARIO JOSE MARIA WHITAKER;MINI BALNEARIO;DIRETA;ATIVA;SAO MATEUS;SAO MATEUS;PISCINA;1
344;MINI BALNEARIO JOSE MARIA WHITAKER;MINI BALNEARIO;DIRETA;ATIVA;SAO MATEUS;SAO MATEUS;MINIQUADRA DE ESPORTES;1
345;MINI BALNEARIO JOSE MARIA WHITAKER;MINI BALNEARIO;DIRETA;ATIVA;SAO MATEUS;SAO MATEUS;QUADRA POLIESPORTIVA;1
346;MINI BALNEARIO JOSE MARIA WHITAKER;MINI BALNEARIO;DIRETA;ATIVA;CAMPO LIMPO;CAMPO LIMPO;PISCINA;1
347;MINI BALNEARIO MINISTRO SINESIO ROCHA;MINI BALNEARIO;DIRETA;ATIVA;CAMPO LIMPO;CAMPO LIMPO;SALA MULTIUSO 2;2
348;MINI BALNEARIO MINISTRO SINESIO ROCHA;MINI BALNEARIO;DIRETA;ATIVA;CAMPO LIMPO;CAMPO LIMPO;SALA MULTIUSO;3
349;MINI BALNEARIO MINISTRO SINESIO ROCHA;MINI BALNEARIO;DIRETA;ATIVA;CAMPO LIMPO;CAMPO LIMPO;PLAY GROUND;1
